{"training_time": 0.0008911183103919029, "accuracy": 0.9473684210526315}