{"training_time": 0.0008982541039586067, "accuracy": 0.9473684210526315}