{"training_time": 0.000868460163474083, "accuracy": 0.9210526315789473}